{
    "name": "root",
    "gauges": {
        "RollerBall.Policy.Entropy.mean": {
            "value": 1.1838750839233398,
            "min": 1.1838750839233398,
            "max": 1.3994311094284058,
            "count": 50
        },
        "RollerBall.Environment.EpisodeLength.mean": {
            "value": 5.4493874919406835,
            "min": 5.357279084551812,
            "max": 16.20812182741117,
            "count": 50
        },
        "RollerBall.Policy.ExtrinsicValueEstimate.mean": {
            "value": 0.9698107838630676,
            "min": 0.43284109234809875,
            "max": 0.9714024662971497,
            "count": 50
        },
        "RollerBall.Environment.CumulativeReward.mean": {
            "value": 0.9974210186976145,
            "min": 0.5,
            "max": 0.9974210186976145,
            "count": 50
        },
        "RollerBall.Policy.ExtrinsicReward.mean": {
            "value": 0.9974210186976145,
            "min": 0.5,
            "max": 0.9974210186976145,
            "count": 50
        },
        "RollerBall.Losses.ValueLoss.mean": {
            "value": 0.002389665925875306,
            "min": 0.0015327674336731434,
            "max": 0.14866434037685394,
            "count": 50
        },
        "RollerBall.Losses.PolicyLoss.mean": {
            "value": 0.23352965712547302,
            "min": 0.23352965712547302,
            "max": 0.25228461623191833,
            "count": 50
        },
        "RollerBall.Policy.LearningRate.mean": {
            "value": 3.015471520484425e-06,
            "min": 3.015471520484425e-06,
            "max": 0.00029697816353291273,
            "count": 50
        },
        "RollerBall.Policy.Epsilon.mean": {
            "value": 0.10100512206554413,
            "min": 0.10100512206554413,
            "max": 0.19899271428585052,
            "count": 50
        },
        "RollerBall.Policy.Beta.mean": {
            "value": 1.4925107279850636e-05,
            "min": 1.4925107279850636e-05,
            "max": 0.0004950643051415682,
            "count": 50
        },
        "RollerBall.IsTraining.mean": {
            "value": 1.0,
            "min": 1.0,
            "max": 1.0,
            "count": 50
        }
    },
    "metadata": {
        "timer_format_version": "0.1.0",
        "start_time_seconds": "1595499228",
        "python_version": "3.7.7 (default, Mar 10 2020, 15:43:33) \n[Clang 11.0.0 (clang-1100.0.33.17)]",
        "command_line_arguments": "/usr/local/bin/mlagents-learn config/rollerball_config.yaml --run-id=MultiRollerBalls",
        "mlagents_version": "0.18.0",
        "mlagents_envs_version": "0.18.0",
        "communication_protocol_version": "1.0.0",
        "tensorflow_version": "2.2.0",
        "end_time_seconds": "1595500251"
    },
    "total": 1022.784778089,
    "count": 1,
    "self": 0.018671714999982214,
    "children": {
        "run_training.setup": {
            "total": 0.0076041579999999165,
            "count": 1,
            "self": 0.0076041579999999165
        },
        "TrainerController.start_learning": {
            "total": 1022.758502216,
            "count": 1,
            "self": 52.89756963798675,
            "children": {
                "TrainerController._reset_env": {
                    "total": 10.531594131,
                    "count": 1,
                    "self": 10.531594131
                },
                "TrainerController.advance": {
                    "total": 959.2147252880131,
                    "count": 101570,
                    "self": 1.8171447740029407,
                    "children": {
                        "env_step": {
                            "total": 957.3975805140102,
                            "count": 101570,
                            "self": 919.3387534270013,
                            "children": {
                                "SubprocessEnvManager._take_step": {
                                    "total": 36.42972477700053,
                                    "count": 101570,
                                    "self": 2.657438499019193,
                                    "children": {
                                        "NNPolicy.evaluate": {
                                            "total": 33.77228627798134,
                                            "count": 41672,
                                            "self": 33.77228627798134
                                        }
                                    }
                                },
                                "workers": {
                                    "total": 1.629102310008383,
                                    "count": 101570,
                                    "self": 0.0,
                                    "children": {
                                        "worker_root": {
                                            "total": 1018.8852284209975,
                                            "count": 101570,
                                            "is_parallel": true,
                                            "self": 284.94999686300196,
                                            "children": {
                                                "run_training.setup": {
                                                    "total": 0.0,
                                                    "count": 0,
                                                    "is_parallel": true,
                                                    "self": 0.0,
                                                    "children": {
                                                        "steps_from_proto": {
                                                            "total": 0.0011058290000001136,
                                                            "count": 1,
                                                            "is_parallel": true,
                                                            "self": 0.00017378699999959224,
                                                            "children": {
                                                                "_process_vector_observation": {
                                                                    "total": 0.0009320420000005214,
                                                                    "count": 2,
                                                                    "is_parallel": true,
                                                                    "self": 0.0009320420000005214
                                                                }
                                                            }
                                                        },
                                                        "UnityEnvironment.step": {
                                                            "total": 0.016508943000001608,
                                                            "count": 1,
                                                            "is_parallel": true,
                                                            "self": 0.00012208300000260408,
                                                            "children": {
                                                                "UnityEnvironment._generate_step_input": {
                                                                    "total": 0.00037415299999921103,
                                                                    "count": 1,
                                                                    "is_parallel": true,
                                                                    "self": 0.00037415299999921103
                                                                },
                                                                "communicator.exchange": {
                                                                    "total": 0.01556494599999958,